0001-034,0001-024,0001-033,0001-116
0003-034,0003-024,0003-033,0003-116
0004-034,0004-024,0004-033,0004-116
0011-024,0011-033,0011-034,0011-116
0021-024,0021-033,0021-034,0021-116
0022-024,0022-033,0022-034,0022-116
0045-024,0045-033,0045-034,0045-116
0061-024,0061-033,0061-034,0061-116
0229-034,0229-024,0229-033,0229-116
0238-034,0238-024,0238-033,0238-116
0543-034,0543-024,0543-033,0543-116
0629-024,0629-033,0629-034,0629-116
0736-024,0736-033,0736-034,0736-116
1024-034,1024-024,1024-033,1024-116
1027-024,1027-033,1027-116,1024-034
1727-034,1727-024,1727-033,1727-116
2114-034,2114-033,2114-116
2346-001,2356-001
2346-002,2356-002
2346-003,2356-003
2346-004,2356-004
2346-034,2346-024,2346-033,2356-034,2356-024,2356-033,2346-116,2356-116
2346-009,2356-009
2346-011,2356-011
2346-014,2356-014
2346-017,2356-017
2346-019,2356-019
2346-022,2356-022
2346-025,2356-025
2346-070,2356-070
2346-086,2356-086
2347-001,2357-001
2347-002,2357-002
2347-003,2357-003
2347-004,2357-004
2347-034,2347-024,2347-033,2357-034,2357-024,2357-033,2347-116,2357-116
2347-009,2357-009
2347-011,2357-011
2347-014,2357-014
2347-017,2357-017
2347-019,2357-019
2347-022,2357-022
2347-025,2357-025
2347-070,2357-070
2350-001,2360-001
2350-002,2360-002
2350-003,2360-003
2350-004,2360-004
2350-034,2350-024,2350-033,2360-034,2360-024,2360-033,2350-116,2360-116
2350-009,2360-009
2350-011,2360-011
2350-014,2360-014
2350-017,2360-017
2350-019,2360-019
2350-022,2360-022
2350-025,2360-025
2350-070,2360-070
2364-001,2365-001
2364-002,2365-002
2364-003,2365-003
2364-004,2365-004
2364-034,2364-024,2364-033,2365-034,2365-024,2365-033,2364-116,2365-116
2364-009,2365-009
2364-011,2365-011
2364-014,2365-014
2364-017,2365-017
2364-019,2365-019
2364-022,2365-022
2364-025,2365-025
2364-116,2365-116
2367-001,2368-001
2367-002,2368-002
2367-003,2368-003
2367-004,2368-004
2367-034,2367-024,2367-033,2368-034,2368-024,2368-033,2367-116,2368-116
2367-009,2368-009
2367-011,2368-011
2367-014,2368-014
2367-017,2368-017
2367-019,2368-019
2367-022,2368-022
2367-025,2368-025
2367-116,2368-116
2375-001,2376-001
2375-002,2376-002
2375-003,2376-003
2375-004,2376-004
2375-034,2375-024,2375-033,2376-034,2376-024,2376-033,2375-116,2376-116
2375-009,2376-009
2377-001,2378-001
2377-002,2378-002
2377-003,2378-003
2377-004,2378-004
2377-034,2377-024,2377-033,2378-034,2378-024,2378-033,2377-116,2378-116
2377-009,2378-009
2377-011,2378-011
2377-014,2378-014
2377-017,2378-017
2377-019,2378-019
2377-022,2378-022
2377-025,2378-025
2377-070,2378-070
2388-001,2389-001
2388-002,2389-002
2388-003,2389-003
2388-004,2389-004
2388-034,2388-024,2388-033,2389-034,2389-024,2389-033,2388-116,2389-116
2388-009,2389-009
2388-011,2389-011
2388-014,2389-014
2388-017,2389-017
2388-019,2389-019
2388-022,2389-022
2388-025,2389-025
2388-070,2389-070
2392-034,2392-024,2392-033,2392-116
2398-034,2398-024,2398-033,2398-116
2399-001,2400-001
2399-002,2400-002
2399-003,2400-003
2399-004,2400-004
2399-034,2399-024,2399-033,2400-034,2400-024,2400-033,2399-116,2400-116
2399-009,2400-009
2399-011,2400-011
2399-014,2400-014
2399-017,2400-017
2399-019,2400-019
2399-022,2400-022
2399-025,2400-025
2399-070,2400-070
2412-034,2412-024,2412-033,2412-116
2413-034,2413-024,2413-033,2413-116
2422-034,2422-024,2422-033,2422-116
2423-034,2423-033,2423-024,2423-116
1900-034,1900-033,1900-024,1900-116
